"","PRISM.7662","PRISM.7847","PRISM.7855","PRISM.7858","PRISM.7860","PRISM.7861","PRISM.7862","PRISM.7870","PRISM.7874","PRISM.7879","PRISM.7899","PRISM.7904","PRISM.7906","PRISM.7908","PRISM.7909","PRISM.7910","PRISM.7911","PRISM.7912","PRISM.7955","PRISM.8244","PRISM.8283","PRISM.8332","PRISM.8589","PRISM.8683","PRISM.8754","PRISM.8764","PRISM.8765","PRISM.8774","PRISM.8776","PRISM.8784","PRISM.8788","PRISM.8789","PRISM.9126","PRISM.9148","Validation.LLDeep_0001","Validation.LLDeep_0003","Validation.LLDeep_0010","Validation.LLDeep_0011","Validation.LLDeep_0012","Validation.LLDeep_0015","Validation.LLDeep_0018","Validation.LLDeep_0021","Validation.LLDeep_0022","Validation.LLDeep_0024","Validation.LLDeep_0026","Validation.LLDeep_0027","Validation.LLDeep_0028","Validation.LLDeep_0029","Validation.LLDeep_0030","Validation.LLDeep_0033","Validation.LLDeep_0034","Validation.LLDeep_0037","Validation.LLDeep_0039","Validation.LLDeep_0043","Validation.LLDeep_0047","Validation.LLDeep_0052"
"Monoglobus",0.00163756175071355,0.0000231697927787454,0.00241508860910642,0.0000244975206041772,0.00000513257822433061,0.0000332057909798344,0.00110862454996219,0.0000112569865500209,0.00773872038055132,0.0000161016398268644,0.00177735249017198,0.0047355693350761,0.0000233405756527462,0.0000403668113336985,0.00127257357053446,0.0000271190414624546,0.0276925320108509,0.00278145007732368,0.0000213615903215456,0.00247800651045655,0.00159297916026134,0.00203807308156662,0.0000299490321588482,0.00000786790108789468,0.000035841175981917,0.0000486259119313108,0.0000160487944622538,0.0000249500417674884,0.0000168490199312017,0.00182533396347282,0.00000670215979579346,0.00000763340867894646,0.00140442952436254,0.00000948885082049132,0.0000187683383432717,0.0000138907015932924,0.0000117736057293429,0.000392463894442455,0.0000183243789709608,0.0000181987675478116,0.0000231557691175776,0.000029467083726383,0.0000290936056314395,0.0000180934127234009,0.0000172434680594769,0.00000511109672818358,0.0000215058664988968,0.0000227315760576053,0.0000332317094468059,0.0000571936418774694,0.00000988340674841009,0.0000195991069787722,0.0000234288798835716,0.00000820324260799118,0.000024861586181961,0.000350509790738752
"Sutterella",0.00106279982746436,0.0000533314331375938,0.0000597037755431045,0.000110926183224958,0.0000251364728422345,0.0000163104092481259,0.0000836520621462839,0.0000446624596237842,0.000168452788588114,0.000062688054824776,0.0000554190098300889,0.0000568730413670239,0.0000561184959737507,0.00227548004855881,0.000783063414381373,0.000572987134593175,0.0000832697622512337,0.0000519489815770885,0.0000419568455642913,0.000156804340482776,0.000075674865693429,0.0000341121633902437,0.000721556694351854,0.0000290754708384472,0.00638745222191651,0.0000383963113714873,0.000515278864281936,0.0000278479579788931,0.00860101939056328,0.0000352298767306205,0.0000222303137059715,0.00136054077177702,0.0000423378760802522,0.00235239421923193,0.000479971857228223,0.0000455788646029907,0.000414570979436194,0.00255720996724618,0.000264504492504288,0.000579682482024609,0.000146523842572679,0.000381039875772194,0.00192394757506247,0.000163232158535874,0.0000296926073827908,0.00117497855295151,0.0000866666320964887,0.000111576234128905,0.000030930120821693,0.00127943474577363,0.000117652473262639,0.000226597894384708,0.0000230110809281719,0.000164297568262178,0.000229216677529784,0.000312744881831197
"Marvinbryantia",0.000816732643023176,0.000265615826686677,0.000490783938534412,0.000231475133536161,0.000201793673777101,0.000333055804035044,0.00037042080966433,0.000515628461843165,0.00128821115900645,0.000334772144984993,0.000455017479382992,0.000525573357143768,0.000489815040683803,0.000590165675376903,0.000275613285957736,0.00076519473215402,0.000490951720701662,0.00111410080868668,0.000528994718769874,0.00037889903830583,0.000212024104298772,0.000279553624326699,0.000721853219422733,0.000345472384132103,0.000621288778392613,0.000392528134301944,0.000659427906082455,0.00034403857899255,0.000392552983926305,0.000297740397117413,0.000413588119011383,0.000127586973633819,0.000301679697175215,0.000210035913098302,0.000930303802605976,0.000269855817411358,0.000380650739881396,0.000262335419369271,0.00059918456966033,0.00182991955292628,0.00131147032018995,0.000671646287694454,0.0011994104726928,0.00325742320314036,0.000735989893716178,0.000444196028917751,0.000561765391256229,0.000569122059903781,0.00380186099995627,0.000488820478780099,0.00100286628778943,0.000240693142554373,0.000578715829991049,0.000372636658894918,0.00173372552017573,0.000505867045931029
"Alloprevotella",0.000372173125162171,0.000366105040311348,0.000319667246756846,0.000805633569682122,0.000245047709069323,0.0000736033024931252,0.0003726563003684,0.000171157363681,0.00021931949509249,0.000403474965499155,0.00192970462937919,0.000282124285368212,0.000149986370620535,0.000385618795366093,0.000344534802145213,0.000167982243149103,0.0000697766620007277,0.000403333859487477,0.00313070231129534,0.000446668082150207,0.000618461319063834,0.000410457296595844,0.000326807693743273,0.00327122293003927,0.000486022523954679,0.0345787636619771,0.0298003368668648,0.00156900555577565,0.0146632729851298,0.000403307630516927,0.000874561906711811,0.000841222742619013,0.000177077720103587,0.000275256748484717,0.00675795398933742,0.000215016485079505,0.00013493690135154,0.000360838558815524,0.000263961547942186,0.000386556430421912,0.00064486876564874,0.000374231963325064,0.000430701351141842,0.000327638649147546,0.000105475232195585,0.000152237666832325,0.0002684414513638,0.000167364351193358,0.000191395264614654,0.000573424023184346,0.000107269904557239,0.000301772551289588,0.000085938031287614,0.00032923510580583,0.000400312377917551,0.000132752453086322
"Eubacterium",0.0000414767047554089,0.0000390130218698298,0.000267446134375477,0.000550154390776976,0.0000800594466615671,0.0000194417325425974,0.0000137259129229873,0.0000438583891559256,0.00000919891118342174,0.0000105351796547001,0.000183938969297334,0.00000931141506076954,0.00000716227050716037,0.0000207259703353129,0.000118192758488345,0.0000224075253670623,0.0000645425626592216,0.00000567014120683679,0.0000120378468628142,0.000154555974406048,0.00000708988353615427,0.000010937885037681,0.0000101930493114892,0.00000718840053939469,0.00000654809233414927,0.00000480206101230372,0.0000285930799385346,0.00000918944482827006,0.00000721946460169517,0.000010077335903258,0.00000516333373262266,0.0000105882765546677,0.0000127728191550128,0.00000328306230919953,0.00000876216372221907,0.0000179421562246694,0.000013042879209458,0.0000193582917819487,0.000104788300485791,0.0000177118440013819,0.0000060800064163472,0.00111714117534171,0.0000148851005556202,0.0000108734451462746,0.00000564038674842703,0.0000408887738254687,0.0000299072236919238,0.0000121568135692688,0.0000431245026600106,0.00000921048687678119,0.0000127785460989545,0.0000240290421178097,0.0000222718981609261,0.0000253660551566252,0.00000638131062165324,0.0000166152063383594
"Catenibacterium",0.00505122023906782,0.0000457073440209922,0.000119998287651609,0.000133908029892474,0.000172138777369857,0.0000997550135238756,0.00011114859780634,0.000437304688542208,0.0000905710978573263,0.000242495926023612,0.0000854348547199682,0.0000992573663531824,0.000346864547561479,0.000392635965078223,0.000250249876885576,0.000124762430148064,0.000434328282370823,0.000121662220576752,0.0114166364895621,0.0000668038915772949,0.000276881211849171,0.000130283663812464,0.000368358269300289,0.000228347947482762,0.000211936712032781,0.000100651602352425,0.000149881582989494,0.000139888007994385,0.000273453433161813,0.0000885234800651579,0.000518113833170067,0.000802703929239075,0.000374163212869571,0.000500867188879099,0.00017562188645707,0.000145707671921307,0.0000824590081564389,0.0000640657572236281,0.000108000722478231,0.0000754122842533064,0.000125653465937842,0.0000631002034278754,0.0000650498225580026,0.000357083938603657,0.000238225763167493,0.000256806533567102,0.000209069180674322,0.000172776631207073,0.000198946090454936,0.0000960929146319852,0.000283399201081305,0.0000763157008043286,0.000158506496002435,0.00040556598737806,0.0000812723720773757,0.000125172399685523
"Romboutsia",0.0003811574169891,0.00000182234325226088,0.0000812459689613619,0.00115025552500161,0.0000811561514103557,0.000078351902653972,0.0000511033174950307,0.000104236771560583,0.000722678097556089,0.0000161016398268644,0.0000488342420758504,0.00120314300826707,0.00286136919861355,0.00128710807750746,0.000401775322188984,0.00139698307155977,0.000871273614412398,0.000312087194054913,0.000761896721468459,0.0000243810623832419,0.00145670902774845,0.00184432628799007,0.00175920911426145,0.00000239613351313156,0.000404402478919019,0.0000121463896193565,0.0000824604001798811,0.00000339361240546073,0.00000198859503998789,0.0000191244988042598,0.0000316667512173163,0.000337804716792271,0.000766815751369126,0.00000652608727316492,0.00112036703297559,0.00309314091624804,0.000315217503578914,0.000250190638419754,0.000151888741248186,0.00168365989266744,0.000222804206760752,0.00441403366136746,0.013501172829936,0.00173131342997042,0.00710297932077093,0.000684834807528353,0.0000467903338405904,0.0000139886621892956,0.000139347058688854,0.000507146499060704,0.0000622205379388545,0.00631990655790147,0.00322630781035938,0.0111030016013777,0.000475841570435439,0.00195646592598491
"Cronobacter",0,0,0.00000366256670548068,0,0,0.000000894663798420409,0.00000125187479427897,0,0.000000472671325630366,0.000000560381896526604,0,0.000000502275501203336,0,0,0.000000473062149122071,0.00000118715366183112,0.0000393577080354811,0.000000393304592381742,0.00000156460078588301,0.000000186449869777379,0.000000346089154484518,0.00000107624109461674,0,0.0000032902131822105,0.000000365922806908341,0.000000363181084964147,0.000000742677401000899,0.000000521116511699962,0.000000183728889564099,0.00000276412756050902,0.000000381527123100197,0.00000154778793490159,0.000000759223516207055,0,0,0.0000109968054280232,0.00000179449009257643,0.00000138564614860264,0.000000769171462978601,0.00000085211620625205,0.000000474326741700845,0.000000914495701853266,0,0,0.000000483461721293745,0,0.0000126623326115,0,0,0.00000319676692286907,0,0,0.00000334239164319815,0,0.000000638131062165324,0.000000642950958103522
"Fournierella",0.000188064968812404,0.000112613374853999,0.000181474272890914,0.0000906232021199132,0.0000675570125253772,0.000889192585191607,0.000129256072509303,0.000218926459203328,0.000183178318348137,0.000166694934820114,0.000403876897332307,0.000147437177891687,0.000256788463183191,0.0000628289886080952,0.000385472872742315,0.000124947922907725,0.000082488046115814,0.000215006510502019,0.0000657770942636531,0.000215930884481002,0.00410142346370357,0.00014288270358314,0.000170613112657399,0.00007531727132321,0.000120677489899351,0.000134215587621195,0.000251477530579539,0.000106396739498546,0.0000361513609171712,0.0000850249717505653,0.0000975692029474903,0.000126004008700397,0.0000450621486972305,0.0000933270517407817,0.0000909209704756189,0.000131672275519751,0.000109507663698201,0.000119613866063199,0.0000858304861923768,0.000255817458205526,0.000140141991866159,0.000196582705687272,0.0000511312869735266,0.000161100963287204,0.000114822158807264,0.000104308096493543,0.000253729026805676,0.000184350583851788,0.0000801114356530534,0.0006770815644952,0.000136720460019673,0.000190285850290476,0.0000967365273656388,0.0000812179197216715,0.000131991028898276,0.000130349846874461
"Veillonella",0.000283121569385407,0.00064894015119796,0.000434270140444468,0.00105614274800426,0.000424205396831427,0.0000793842070367648,0.000419378056083454,0.000090750316895136,0.000244371075350899,0.000105052926202187,0.000442081920393701,0.000293985714512014,0.00163514635678471,0.000810483101751059,0.000281290031747201,0.000555068534009912,0.000195123144932381,0.00117342425137093,0.000575070615382714,0.0000400099485263457,0.000851329878724131,0.000865824262346401,0.00142142999289563,0.0456269597779306,0.000504511255251101,0.000241343919322147,0.00026040126372594,0.00136659627653609,0.0000967062414011502,0.000812633103324261,0.000382493658478717,0.000342377726599935,0.00102740805825549,0.00105342259045547,0.000131973330137127,0.000479663289393379,0.000300861582838302,0.000366666423499352,0.00021572997267541,0.000302501253219478,0.0000901652015360425,0.00015343205664427,0.000328922059680361,0.000191503115916188,0.0000771524330231268,0.000263012865308467,0.000273184801357949,0.000181436279229018,0.000178877852793864,0.000320816133962385,0.0000913216800313953,0.000131891250730436,0.000145169067810827,0.00014812379914855,0.00022163568051126,0.000344418676398824
"Bacteroides",0.0718222908938663,0.199698026565897,0.082982498169012,0.0339029470975514,0.154933980348191,0.0431431314802047,0.0549633840035618,0.0139944810065032,0.043405480551302,0.0348266514641285,0.179736450185797,0.100139864408797,0.019542507864805,0.0521758398557444,0.0685033292476532,0.0431755915271359,0.0147900352944835,0.0968164156421956,0.0161005403524433,0.228990491418573,0.147216744592265,0.0499221918632547,0.00307752251375867,0.00134923774701365,0.0625382299056211,0.131198026958226,0.0154539446770553,0.0918222672907507,0.0136150780550032,0.106373277475517,0.041926435237316,0.0293239680906632,0.172049248775127,0.221345742454732,0.0202212889856789,0.105780586529087,0.0980887980225244,0.113484949376437,0.0332966634608807,0.0340142877976229,0.0197971045802068,0.130790870447154,0.064414886028458,0.00621817532890975,0.00290032715451795,0.0355387072482184,0.0347153324728575,0.0140120598921241,0.0105613441406783,0.0755019691609478,0.0033178546538217,0.0347850588758516,0.00520114705739054,0.00134067746566347,0.0303461439845746,0.0231968922593205
"Yersinia",0.000000651710287963777,0.00000119010171576221,0.00000409577352010743,0.00000162141862991677,0.00000096510017893396,0.00000172050730465463,0.00000152013367876732,0.00000314318455617467,0.00000221791929718864,0.00000153171051717272,0.000000501378255398874,0.00000123637046450052,0.00000139032309844878,0,0.00000120085007084833,0.00000111295655796667,0.0000338856950875429,0.00000108158762904979,0.00000277796466064942,0.00000099805518527891,0.000000889943540103046,0.000000982654912476155,0.00000148262535439842,0.0000175239615139472,0.000000943695659921512,0.000000907952712410367,0.00000226284520617462,0.00000152521905863403,0.000000691685231300136,0.00000513046554588944,0.00000103012323237053,0.0000026382748890368,0.00000129514599823556,0.000000880821595151093,0.000000919486316529162,0.0000211254420064655,0.00000179449009257643,0.00000330109817755336,0.000000769171462978601,0.000000669519876340896,0.00000060368858034653,0.00000237091478258254,0,0.00000247914549335061,0.00000157125059420467,0.00000104308096493543,0.0000186116190448397,0.000000915924310013401,0.000000524923721516983,0.00000908388224617251,0.00000154740206667027,0,0.00000610629242507354,0.000000698148307063079,0.00000127626212433065,0.00000081214857865708
"Anaerostipes",0.0170300277377209,0.0269189850901826,0.0119987654393432,0.0226529454232604,0.0297300864848204,0.0171543869013512,0.0105202192533515,0.0260929638497958,0.0108680590715535,0.00385647349430988,0.00732714182439915,0.0209676839806183,0.0393308922630205,0.0303082049450501,0.0168205252787491,0.00916282294753189,0.02841551747314,0.00774528178700826,0.00587577842481293,0.0108058447822602,0.00625613498647795,0.00785145954377555,0.0489721532935281,0.00255316966620859,0.0102583473757013,0.0158904335126153,0.00271215342944577,0.00903589339954208,0.00699828744140521,0.0100681153449012,0.0119854075032065,0.0119180726297378,0.00971176391828647,0.00352528824786608,0.0111946377288818,0.00975575805754744,0.00725993792990074,0.0257614441432385,0.0192144913351477,0.0141569977852282,0.0121884724371964,0.012780009692977,0.0089671132067958,0.0174973304604821,0.0265080450246289,0.0191665605766402,0.00260321479339917,0.0183097432863997,0.0193867655342999,0.0277403089615094,0.015413597111809,0.0171041138122827,0.0658062279297702,0.00249128405472901,0.0248584976276202,0.0294985899577896
"Desulfovibrio",0.0000471558944076647,0.00000457445346996098,0.000505237293167868,0.0000106097175566293,0.000024127504473349,0.00117582910214707,0.0000080924763487319,0.0000128285788281082,0.0000103624098311273,0.00758697313828058,0.0000457256968923774,0.00000390229427857977,0.00000328621823269711,0.00000448520125929983,0.00181725005115439,0.000275048664025497,0.00000401054365128391,0.0000719747404058589,0.0000189987238285794,0.0000145650251214329,0.0000076337379217728,0.0000111250574019622,0.00000604169831917358,0.0000081897697687631,0.00641458828691302,0.00000532665591280749,0.0012482086243947,0.00000514761432288987,0.000107524630721954,0.0000138716364660231,0.000056160792520349,0.00187412495017618,0.000106246632062152,0.00000708661010644289,0.000441137082212461,0.0000554181115649062,0.0000485387686016405,0.00165980031453352,0.000561223695693328,0.0000129034739803882,0.000465314533608529,0.00151691127789631,0.0000137252225902472,0.000202159092159537,0.00000298134728131143,0.0000156983685222781,0.000057683959674611,0.00000674453355555322,0.00000670287213629378,0.0000201301362667795,0.0000538096589635661,0.0000218140745482909,0.00000523855613308941,0.00000418888984237847,0.000243995792929533,0.000456427501205279
"Gemmiger",0.0412579163015925,0.013386970721787,0.0427346314073602,0.00886454238737256,0.000528523952536198,0.00632258906343703,0.0506330596705227,0.0240789500710981,0.0420216443471873,0.0119152881894659,0.00866371597764147,0.0711239109797811,0.0153186641607146,0.00136473099607567,0.00968827642462393,0.0271824428877068,0.0161036242909112,0.0393588427195911,0.0156975119622511,0.00845892349789651,0.0137208825182467,0.0325304633258856,0.0264250540852463,0.00243597370318572,0.0213762859430205,0.00159419346081359,0.0266165136617771,0.0153028024387693,0.010444533453286,0.0283297473623109,0.0208678930669514,0.0096564730408584,0.0223016548661002,0.0107231621367146,0.0215200904514916,0.0465279178503908,0.000659015544485935,0.0195955633077477,0.025329494956588,0.130931550478999,0.027997265290731,0.0169788659027195,0.0322750542339605,0.0315737445966045,0.0488624286707627,0.0487753525392007,0.0299200468160605,0.000656800996125973,0.0359909104208382,0.0130001432847907,0.0438998465476312,0.0816981391184886,0.021439160566052,0.0510978818471259,0.0641661713706072,0.0199706658701294
"Mannheimia",0,0,0.000000433206814626748,0,0,0,0,0.000000438583891559256,0,0,0,0,0,0,0,0,0,0.000000786609184763485,0.000000351236911116594,0.000000789670036704192,0,0.000000409439546865065,0.000000926640846499016,0,0.000000105925023052415,0.000000343004358021694,0.000000440964706844284,0.00000044485555876826,0.000000486341178257908,0.000000652782892518736,0,0,0,0,0,0,0,0.000000652068775813008,0,0,0,0.000000440312745336758,0,0,0,0.000000678002627208026,0,0.000000915924310013401,0,0,0,0,0.000000385660574215171,0,0.000000306302909839356,0
"Flavonifractor",0.00101396810660193,0.000482437483027104,0.00293115607263996,0.00181454368803229,0.00225100843098356,0.000523515962660312,0.000718531422102046,0.00172538902939411,0.000566696560098068,0.000322854689985527,0.00268912556022335,0.000454327509126925,0.00182035424589928,0.000357513945539674,0.000627025683963262,0.000386307221270232,0.00219940932849055,0.000424703409006885,0.000117568573339209,0.00233358463485487,0.00160764345214993,0.00187476519373129,0.000409241663447825,0.0000515347521257102,0.000418269027391335,0.00056813627724558,0.000308988611819546,0.000832312040296593,0.00019145631050753,0.00147693149405634,0.000822432584125554,0.000790567864749506,0.000710722531583475,0.00125501062370937,0.000230628803157667,0.000420917197238413,0.00568997793915155,0.000969055709455107,0.000406846458535505,0.000330742818912403,0.000464710845028183,0.00193798574328297,0.000178524550170328,0.000305630796171486,0.000296805208397585,0.000218577616202218,0.00155782869214625,0.00107171470856204,0.000272112381484842,0.00430623495205055,0.000112985308964779,0.000845714890179894,0.00168029098347432,0.000191467173212049,0.000306507111779249,0.000302660703646205
"Bifidobacterium",0.0112645795737796,0.0179438330007619,0.00448073684855984,0.0395723783299797,0.0590070145674414,0.0000830316825226326,0.000360405811310099,0.0193697651814535,0.0457589838002811,0.00961413596956902,0.0000351299030949478,0.000053743478628757,0.0144288995087104,0.0000327709059752068,0.0848669492691426,0.0567552938706143,0.00010876050579753,0.0163020820496308,0.0315566886955007,0.0000405144599386845,0.0216987220539312,0.000135664869285547,0.0101542786584717,0.0182797091766263,0.011370617895037,0.0210157559556275,0.00817747000607382,0.00621905529126263,0.0153148512805963,0.0000790377286582451,0.0000692217377011457,0.0563886582743494,0.0017858276907395,0.00591243488276124,0.00974514868201913,0.0442848589326906,0.0505765652899397,0.0607051170159833,0.0574724917137611,0.0449952050203765,0.0100822029803674,0.0160279935940592,0.03259228085749,0.0354425598734296,0.000212481426508601,0.0241784603050584,0.0360121965195629,0.0464012251403571,0.0153335064504848,0.073623061489242,0.106787539400101,0.125360586652283,0.000349087096427099,0.165276488546732,0.096662714933709,0.0394352954967072
"Lactococcus",0.0000799276117452718,0.0000587240815371413,0.000617516623031582,0.0000446595087848814,0.0000230307997245604,0.000606513235036851,0.0000223996168547772,0.000222215838390023,0.000204993917992616,0.00135070716459462,0.0000298487188047463,0.000197587454857989,0.000080048905668263,0.0000361709778975793,0.0000904276492744882,0.0000112779597873956,0.000073617267361703,0.000494678851068137,0.000140239319420371,0.000002752877489066,0.0000057846330106698,0.00000481968838024019,0.0000290223913123492,0.000272551246322024,0.0000738778888052841,0.00000584116244984003,0.0000149347783607525,0.0000109180264280553,0.00000193455713129257,0.0000872893124089897,0.0000563515560818991,0.0000936059930630255,0.0000748505066566485,0.0000029627635473264,0.000401977782614396,0.00000390675982311349,0.000326159516338526,0.00000358637826697155,0.0000273282096258279,0.0001768141127973,0.000262690773676504,0.000184592650929641,0.0000574139592859637,0.0000482780964494592,0.0000232464510988742,0.0000110045041800687,0.00000309523686058888,0.0000107412941810662,0.00000807574956179973,0.00000376648776060811,0.00000743751315915709,0.0000166458168860805,0.00104983235977606,0.0000271696049498715,0.00000901041059777438,0.000127947240662601
"Parasutterella",0.0000284424989961334,0.00328460635414645,0.000903866327499862,0.00208352293944305,0.00182873323451,0.000102611055649602,0.00481775072615445,0.000162604977795594,0.00000814449053393862,0.0010026352892654,0.00366169910004609,0.0000117841559897706,0.000631838651740495,0.000172933445328326,0.000176015508869497,0.000144239169912481,0.000000883679109604929,0.00237211832280238,0.0000367521531541091,0.00356357249049745,0.00446477752286609,0.0058994389566872,0.00000615289522075346,0.00000561482032181575,0.000324303902396293,0.0000127315147006876,0.0000905486212501565,0.0135712720821374,0.0000570424164187831,0.00679878482424611,0.00699404076253588,0.00185646609691889,0.00525159372181104,0.00317123800396057,0.000559750817044723,0.00739867963093563,0.000305544764299416,0.00010750983941217,0.0000229394077488324,0.000296414708889106,0.0000619643207112831,0.000148182173911409,0.0000893106033337213,0.00002874938896675,0.00000838000316909158,0.0000500157322686536,0.0000928973036989729,0.0000262287416049292,0.000285679640748666,0.000145183860150499,0.00000713801598496285,0.000159880386381628,0.0000136909503846386,0.000027518679103403,0.0000415550947682059,0.0000238568644980517
"Coprococcus",0.0128304066420823,0.000243822089016782,0.000239327073862431,0.000218010309261635,0.000246319886577918,0.000369977890792932,0.000281403569828279,0.00164421446079802,0.000139038088400809,0.0247112352087198,0.000240962389544699,0.000231046730553535,0.000303258959473767,0.000496627526533763,0.000506467614729307,0.045108834166876,0.000302524144407441,0.0272781644107589,0.0325042300898084,0.000111387345732886,0.000304162925484108,0.000180995676259894,0.000304345919624137,0.000310567513851261,0.0434873063641227,0.000215497532108865,0.00820543645195526,0.000231451992147715,0.00447492244938666,0.000208084746723043,0.000133356447094289,0.0216042350573475,0.000259252500681291,0.000131322492367981,0.0246996741340494,0.0634518567093102,0.0266155706767364,0.000344170050733804,0.0122728998632866,0.00533814283950927,0.00881851029925059,0.00149482790020711,0.0272238823512582,0.0159112862576659,0.000367753215997442,0.0105318320408082,0.00047268688628136,0.000344554072257768,0.000347539882392052,0.00517461611339546,0.00530367066731664,0.0098800977646413,0.000480565213853288,0.00141729924236364,0.0114935827625995,0.000257891013247734
"Rothia",0.00000940324844062021,0.0000129051654802964,0.0000369013441186602,0.0000166371650721894,0.0000309270739158383,0.00000763905243266657,0.00000786892727832494,0.00000215637080016634,0.000011671345809796,0.00000328757379295607,0.00000541488515830784,0.00000826822748134723,0.00000733079451909356,0.0000115023709714302,0.0000157566085053736,0.00000912624377532672,0.00000890476641217275,0.0000665995776433084,0.00000328885471318265,0.00000950894335864632,0.00000327301457526787,0.0000235135282628223,0.0000570810761443394,0.000452726181234813,0.000036717464808987,0.000018411263334988,0.000116727999635438,0.0000043214539994631,0.0000192915334042304,0.00000313131793755081,0.0000422859228102718,0.0000156537643416183,0.000108434982197102,0.0000173361704863829,0.0000277468517870271,0.000105337820415801,0.0000307251718289916,0.000384476051938745,0.0000642484398488008,0.000205238274820137,0.0000749005045758516,0.0000451828617137873,0.0000310267355737278,0.000424847248755241,0.0000377503027376866,0.00000443309410097556,0.000047433499941492,0.00000816005294375575,0.0000795461331837274,0.00000417795281008631,0.0000884514987787004,0.0000126186031233191,0.0000205364255769579,0.000304858094084211,0.00000518162422478243,0.0000356668584126901
"Faecalibacterium",0.0502302445896641,0.0587305155245422,0.0398451813362374,0.118867257206131,0.0410642668544108,0.0144314432207126,0.084576079873904,0.0124266897888094,0.0128143377938357,0.0565159712576389,0.0558883667275763,0.0647440075634963,0.110339200918119,0.136466263292744,0.0277468781264177,0.0912078657833749,0.0206047457986581,0.0441129447553881,0.0553483594825488,0.00955726677783685,0.0205147906094858,0.066103394832908,0.00804494756676901,0.0814660717865865,0.083354008774386,0.0200074946452228,0.0662586721946931,0.0854216473807165,0.0267098575099243,0.00375198187181109,0.0554515590336472,0.0804994303612745,0.0409909689022941,0.0715132647127935,0.0523995239440727,0.129670133457809,0.0418202414630854,0.0494359829237859,0.0754429160756112,0.0813974876205775,0.0382287518328955,0.0176215531598553,0.0362994441478164,0.0597752859031046,0.032280094515155,0.0516261449704174,0.0573387000720708,0.0619794323367577,0.0600382717847483,0.00387761497512488,0.0484497077855988,0.0248708640346856,0.0020043744193398,0.0749416827992256,0.0595043687090647,0.0621832049501268
"Oribacterium",0.000110371792340151,0.0000981462008717644,0.0000834120030344956,0.0000427913525373686,0.0000288652689881157,0.0000840295767593323,0.0000484207286501472,0.000238406893720085,0.000351303872941585,0.0000602597332731608,0.0000588618071838279,0.0000967459888471657,0.000142866231116358,0.000223355788517552,0.0000664834266496942,0.000056204306177317,0.0000482964621057155,0.0000879363517800179,0.0000671181806515528,0.0000350196725999512,0.0000390091918411835,0.0000819347024640832,0.0000801359004052349,0.0000737794542923942,0.0000573728443042078,0.000122977150714249,0.000067641665163035,0.0000466844133530234,0.000121023300314046,0.0000837602048963103,0.0000545075083202481,0.0000359508924879414,0.0000883378891210326,0.0000370745816868142,0.0000786431237784354,0.0000450000853699369,0.0000553665845636387,0.000194520266684718,0.0000767814101573345,0.0000891070089966429,0.000105257416044706,0.0000564616420366442,0.0000556741423379042,0.0000716777504042421,0.0000482655951758256,0.0000660270250804124,0.0000569201999297904,0.0000534566733662367,0.0000737315934992316,0.0000826411726298133,0.0000422790177570876,0.000380437460122194,0.0000818885952583547,0.0000534083454903256,0.0000563086849254682,0.000114512949590648
"Butyrivibrio",0.000095196252777566,0.000110344743458327,0.000104245312574273,0.0000760656826817475,0.0000838321109973999,0.000140943958397308,0.000166588767267266,0.00015328507009996,0.0000941343124659245,0.0000807697106860345,0.000112074752690162,0.00010451194082731,0.000135830353618147,0.000217279064230759,0.0000682665070579235,0.000160377040002998,0.000120418272512702,0.0000961301974546376,0.0001599085864429,0.0000756547765720211,0.0000669534190004192,0.0000933639149580023,0.000180138980559409,0.000136794189369078,0.0000752067663672144,0.0000731507235298619,0.0000709489004643672,0.000101325386128588,0.0000979058829741864,0.000095214504713475,0.0000608408585637114,0.000042951115193519,0.000091821385254218,0.000056092320673031,0.000148145471821963,0.0000713345404738871,0.000103730280961125,0.0000881107933317328,0.000143925554337349,0.000106514525781506,0.00009033768398757,0.0000667581862352884,0.0000972364360971034,0.0000797240998124853,0.000142782361688753,0.000134192366138942,0.0000885559325178871,0.000136722519731091,0.000241424533150003,0.0000681132912674678,0.0000869290548098797,0.0000770540233275015,0.000182610281890884,0.0000862794949478789,0.00010309645440343,0.000101315535187471
"Succinivibrio",0.0000348199496712075,0.0000267772886046496,0.0000309152135892724,0.0000210079457267477,0.0000154416028629434,0.0000239494616807925,0.0000261999510516955,0.0000115493758110604,0.00108307180368287,0.0000154291815510325,0.0000323890352987673,0.0000360092897785776,0.0000556129239379511,0.0000573309999676631,0.0000205600087887669,0.0000392873664962236,0.0000233495210884072,0.000077186026254917,0.0000608597775080207,0.0000185353105837512,0.000032621374875555,0.0000230222008065842,0.0000371768307615405,0.0000693090559469995,0.0000315078795843182,0.0000532968242184885,0.0000235219858098254,0.000042197727288875,0.0000186971164085818,0.0000390139775606901,0.0000197885401181302,0.0000324331926358924,0.0000385864187060527,0.0000190177389862168,0.0000305593981669986,0.0000176527666081424,0.0000415796484865271,0.0000202956406471799,0.0000498151635729082,0.0000343889754666006,0.0000274678304057671,0.0000226591712792532,0.000021554398856515,0.0000210074960226025,0.0000420611697525558,0.0000393241523780655,0.000202878706953144,0.0000381357576351034,0.00002903231967467,0.000386270727987071,0.0000168966322441253,0.0000308753055145041,0.0000566921044096302,0.0000243770117216192,0.0000348419559942267,0.0000378325879557757
"Serratia",0.00000190858012903677,0.000000855385608204085,0.00000303244770238723,0.00000211489386510883,0.00000214954130762564,0.00000178932759684082,0.00000192252200549984,0.000000657875837338883,0.00000192704463526226,0.000000560381896526604,0.00000207236345564868,0.00000115909731046924,0.000000589834041766148,0.000000614906624258848,0.00000236531074561036,0.0000011500551098989,0.0000440819925060613,0.00000170431990032088,0.00000236286649296618,0.00000109676393986693,0.00000110748529435046,0.000000959258366941009,0.00000185328169299803,0.00000915537581136836,0.00000133850710948051,0.00000136192906861555,0.00000273862291619082,0.00000087700095871457,0.00000127529464520963,0.00000309051900676839,0.000000979252949290505,0.00000189955792010649,0.00000169708785975695,0.00000068063486898039,0.00000194714749382646,0.00000810290926275391,0.00000157564983738418,0.0000018746977304624,0.00000294094971138877,0.00000200855962902269,0.00000288908106308697,0.0000030144487949978,0.00000125653446248742,0.000002653120615691,0.00000459288635229058,0.000000730156675454798,0.00000900432541262221,0.00000116572184910796,0.000000969089947415968,0.0000049059294360862,0.00000149748587097123,0.00000261768894579491,0.00000485289555887424,0.000000930864409417439,0.00000199096891395581,0.00000186117382608914
"Alistipes",0.0172342458115278,0.0409698094252932,0.0136948095010446,0.0111044969763715,0.00785688055670137,0.00587450014101278,0.0320055651199783,0.00512536445407672,0.101893757666138,0.0734955800811881,0.0408881989329869,0.0479113259648229,0.00595719742882915,0.0000800463740873429,0.0406815253546938,0.0127222806112209,0.00105388930117806,0.0545096894519379,0.0064183755912315,0.112747859465012,0.063545548314041,0.0601430312716473,0.00256216194056978,0.000407879145033813,0.0320725562526631,0.0245586580579971,0.0652694839182318,0.118454384186895,0.00711848936550709,0.0332488336478166,0.0286298207525803,0.0251250656622649,0.0331912870794717,0.0423262802611764,0.0033050124336185,0.00725745749807049,0.0447592660903173,0.0353187754360313,0.00625313776711515,0.0139258308315607,0.0633088645415535,0.0293346850708814,0.0187481707757921,0.0101295710169276,0.000942911510429901,0.00497773882681659,0.00934134444949464,0.0162712288356953,0.0060079135077531,0.0186319920216294,0.0030081995338027,0.0399462689139772,0.00513192098431891,0.00753866359869272,0.00800443526613447,0.00348245926575745
"Enterococcus",0.00000674985655391055,0.00000238020343152441,0.00000389886133164073,0.00000341907841525927,0.00000565899650374913,0.00000646910746550142,0.00000549930713201118,0.0000122438003060292,0.00000636288322963955,0.00000496871948253589,0.00000350964778779212,0.00000413411374067361,0.00000817341457875949,0.00000806612807116018,0.0000419933630836054,0.0000687807152823404,0.00000632170439948142,0.00000291700906016459,0.00000526855366674891,0.00000515479051737459,0.00000253139495851533,0.00000304155091956905,0.00000767258620901185,0.000208892773883604,0.00000456440553880405,0.0000187139142391248,0.00000336525697328533,0.00000571957146987763,0.00000426899478693053,0.00100810078070284,0.00000162784905856084,0.00000204026591418846,0.00000174174806659266,0.00000396369717817992,0.0000159017045329161,0.0000536817738657446,0.0000326071980236449,0.0000134896727996316,0.000015157202358696,0.0000196595381871009,0.00001479037021849,0.0000265881157761042,0.0000185580474459681,0.0000151793294241993,0.000013214620382029,0.0000114738906142897,0.0000202597321784,0.000014904586499309,0.0000156669541498915,0.0000109829517053027,0.0000090348314215264,0.0000129542042702158,0.0000174190026020519,0.00000861049578711131,0.0000158511755841867,0.0000155323415668167
"Lactobacillus",0.0000141048726609303,0.00000520669500645965,0.0000290248565799921,0.00000563971697362354,0.00000517644641428215,0.0000173427136309187,0.0000378245027128574,0.00026527015707809,0.00000818084986667942,0.00000986272137886822,0.00000467953038372283,0.0000295956179939812,0.000609509220159348,0.0000234026226997338,0.0000314404382185746,0.00027727457714143,0.0000685870939685672,0.0000121268915984371,0.0000103455235637979,0.00000592252527528144,0.00000479580685499975,0.0000144122720496503,0.0000364725837182013,0.000231495107917919,0.00000695253333125849,0.00000714256133762822,0.00000639398824924212,0.00000518574479935572,0.0000063224353173528,0.0000220620218205941,0.00000361179009868186,0.00000830177165083579,0.00000209902972127833,0.00000216201664264359,0.000927383081365236,0.00000665596118011928,0.000013042879209458,0.000121121775107266,0.00000692254316680741,0.00000766904585626845,0.0000351432994987444,0.0000102288037762847,0.00000840911524895427,0.00697657638097211,0.000287982031983974,0.00000469386434220941,0.000177071667154468,0.0000315577557722799,0.00000702590211876577,0.000775896478685272,0.0000148999844161637,0.00138126720039778,0.0000333596396696123,0.00407823333570898,0.0000147025396722891,0.0000206421097075341
"Parabacteroides",0.00850649508438205,0.0314031767831387,0.00541039867274884,0.00304999418756669,0.00736867147073064,0.00172917866147009,0.00954161084273797,0.00193426460774921,0.00255195248707835,0.0140086134433375,0.0400693479662694,0.00778577254415291,0.000535063737887863,0.00030123190393104,0.0194323741828443,0.00196477640888243,0.000763090898801918,0.010915218475457,0.00133840421512392,0.0473289175204234,0.0146497067027907,0.0165872968105069,0.000393488769057342,0.000728460351178758,0.026871156143412,0.0580754701391755,0.00864562366839538,0.0300479466592256,0.00378361548344739,0.0316936804037177,0.0103205121609926,0.0117361723703883,0.0409496135507642,0.0630973346698867,0.0125982606347787,0.00445196986065022,0.0117152629173087,0.0302453950801166,0.0030978606898364,0.00325764025650159,0.00333606933622069,0.0543838739318225,0.00376767025751997,0.00330352661056056,0.00015688332855982,0.000959217255354617,0.00700259151720994,0.000883700427470202,0.00132482671561325,0.0125299020355524,0.00234641061122481,0.00375611515629818,0.0000531568824793244,0.000778086288221802,0.00816470826370792,0.000814314308200166
"Shewanella",0.00000432921834147366,0.00000264053818184739,0.00000330812476624062,0.00000281985848681177,0.00000320237786646269,0.00000416362767726421,0.00000415801270956943,0.00000482442280715181,0.0000028360279537822,0.00000530494862045185,0.00000277429301320711,0.00000274319696811053,0.0000034547422446303,0.00000285750725390876,0.00000312948806342293,0.00000174363194081445,0.00000795311198644436,0.00000337586441794329,0.00000498117801219897,0.00000279674804666068,0.00000320379674437097,0.00000304155091956905,0.00000389189155529587,0.00000293258131457893,0.00000333182345237595,0.00000388401993642212,0.00000497825945358415,0.0000044993962229704,0.0000022912073286817,0.00000416149093980694,0.0000120181043776562,0.00000330663786092612,0.00000317087468533535,0.00000232216602358015,0.0000054628304687909,0.00000376206501485003,0.00000354521213411441,0.00000321958958057673,0.00000384585731489301,0.00000322586849509705,0.00000370837270784297,0.00000680791244712987,0.00000463951186149201,0.00000169625744281884,0.0000020950007922729,0.00000265985646058533,0.00000446196482500475,0.00000241470954458078,0.00000428014726775386,0.00000538069680086874,0.00000339430130753478,0.00000442993513903754,0.00000356736031149033,0.0000034907415353154,0.00000382878637299194,0.00000284252002529978
"Dorea",0.00506695438744866,0.00217833242798825,0.00172644730360067,0.0070724870707726,0.00422362932853462,0.0114270589551786,0.00221009552967135,0.00144824055858629,0.00275487392310474,0.00248335105385419,0.00102471687838422,0.00205747499923693,0.00232516792364514,0.00433729813067663,0.00336518218187398,0.00227681232918436,0.0046967544675502,0.00155837112116456,0.00594008671017555,0.00123804907060059,0.00143181038514868,0.00242091075615822,0.00652332916554991,0.00279929191751264,0.00106050207170567,0.00202681275155019,0.00110264385379852,0.00372323766434919,0.00164246061963087,0.000538923276437694,0.00221328971138732,0.000841820751593861,0.00430921869737074,0.0000669824785767172,0.00253816084563318,0.000165386165845138,0.000153100642532496,0.00255904391067815,0.00341294951737658,0.00368722855533923,0.00634968272931057,0.000789413011966447,0.00326041696066351,0.00580228779895504,0.00304302893925316,0.00532868341746911,0.00288110274686996,0.00326718527966417,0.00611196954085689,0.000518857427392007,0.00711338234238537,0.0035303898248954,0.0014230553804728,0.00308040486783907,0.00175868920732763,0.0043261124413616
"Megamonas",0.00000707571169789243,0.00000330997039696363,0.00000594674809169444,0.0000199152505631081,0.00000662409668268309,0.0000023398899343303,0.0000026825888448835,0.00000296044126802498,0.00000243607529363343,0.00967435834404908,0.00000842315469070109,0.00000452047951083003,0.00000353900425059689,0.00000462988517089015,0.0136325958452116,0.00000289368705071335,0.00000424845725771601,0.00000262203061587828,0.00287915282167929,0.00000303803611343141,0.00000353999763729878,0.00000312343882894206,0.00000756138930743197,0.00000354055548955261,0.00197756240310328,0.00000534683263974994,0.00000870325079297929,0.00000790571878725308,0.00998940457109047,0.00000430428719754541,0.00000199665861089103,0.00000379911584021299,0.00000620776875016357,0.00000272253947592156,0.00000616596706378379,0.00000737943522143659,0.00000389535654242201,0.00000452372713220275,0.00000371012117436737,0.00000371279204152679,0.00000224227186985854,0.000117461892371375,0.00000183647344517392,0.00000195722012632943,0.00000298134728131143,0.0000142380551713686,0.00000148732160833492,0.00000316410216186448,0.00000145363492112395,0.00000427290628304282,0.0000020715221215102,0.00000731610500234988,0.00000655622976165791,0.00000337438348413822,0.00000188886794400936,0.00000365466860395686
"Leclercia",0,0,0.00000275677063853385,0.000000845957546043531,0.000000658022849273155,0,0.000000447098140813917,0.000000402035233929318,0.000000363593327407974,0,0,0,0,0,0.000000473062149122071,0.000000779069590576671,0.0000864985897670979,0.00000108158762904979,0.00000338464659803263,0.000000603220166926814,0.000000810837447649442,0.000000210568909816319,0,0.0000154496966816841,0.000000327404616707463,0.000000363181084964147,0.00000114882910467327,0.000000317753970548757,0.000000270189543476616,0.00000192774947946939,0.00000101740566160052,0.00000316592986684416,0.000000580582688864219,0,0,0.0000377653449567637,0.00000118173737803814,0.0000012633832531377,0,0.00000164336696920038,0,0.00000108384675775202,0,0,0.000000926634965813012,0,0.0000104514491396508,0,0,0.00000269034840043437,0.000000299497174194245,0,0.00000163905744041448,0,0,0
"Granulicatella",0.0000208081784799863,0.0000211986868120143,0.0000533632030744766,0.0000710956820987417,0.0000470266996280548,0.0000814144056562572,0.0000325487446512532,0.0000183474261302289,0.000020288507669365,0.0000230877341368961,0.0000185509954497584,0.0000345024632749676,0.0000893598573275715,0.0000235473066113241,0.0000355160505802417,0.0000453344304611758,0.0000800749223934313,0.000061093313349964,0.0000938121858964139,0.0000173617731680936,0.0000096509432793397,0.00000588423120208936,0.0000167536665047022,0.0000736364015453416,0.0000234864664749854,0.00000316774612996506,0.00000645200992119531,0.0000111086788103846,0.00000304773805041622,0.00000774159711596438,0.0000289070383602249,0.0000155482333460569,0.0000892310932577468,0.0000272654321044497,0.00000930303802605976,0.0000545499427153254,0.0000119924459845352,0.0000311770383435595,0.0000420329581827718,0.00000206942507232641,0.00000271659861155939,0.0000137851759501585,0.0000124686881277598,0.0000116563331968064,0.0000296523189060164,0.0000107958879870817,0.0000129437177806444,0.00000249797539094564,0.0000589529718011381,0.00000246879029686918,0.0000423039758549371,0.00000342313169834719,0.0000295030339274606,0.000097333509809711,0.00000342038249320614,0.000061148020068056
"Akkermansia",0.0600977900597237,0.0000339550895778404,0.040477466373404,0.0789447934450134,0.0545454880447996,0.124876484780599,0.0000537859063399142,0.0000192611425709773,0.0000285784355342668,0.000020622053792179,0.000260382440637149,0.0000231819462093847,0.0000171473182142016,0.0000143960492032365,0.0143909872490464,0.00110820794331935,0.000015872236314827,0.0078218778563746,0.0000815827552638998,0.000023448813034355,0.0766228335523468,0.0187200557118542,0.0351639815147753,0.0000076890851540789,0.0121833805969181,0.0000331907158203345,0.0213544353976667,0.00264703038641819,0.0000359784396093461,0.0501543398052167,0.0000169016515533387,0.0000123471264806922,0.0000431864200101307,0.0152121492843665,0.0000180111143178948,0.0000214148316229925,0.0000279240165625308,0.049972798543474,0.00781754203205328,0.0000247722354246132,0.0859226506758186,0.072235541306433,0.0000290936056314395,0.0259545221201322,0.0000273558757298711,0.000267706729650677,0.000109901007491559,0.0512811865982621,0.00176519733921819,0.0663300966965022,0.000686197942274715,0.0307873108937877,0.00000925585378116411,0.0011931354567708,0.0302447321961753,0.0000749207063811157
"Slackia",0.0000124290462061663,0,0.00000189035700928035,0.0000030665961044078,0.0000041236098554451,0.00000581531468973266,0.00000174368274917428,0.0000039472550240333,0.00000679919522252912,0.00000343700896536317,0.00000187181215348913,0.00000274319696811053,0.00000290703920584745,0,0.00000214697436909248,0.00000178073049274668,0.00000203925948370368,0.0000032119875044509,0.00000172425392729964,0.00000142579312182701,0.0000057351917028863,0.00000307664573787177,0.00000133436281895858,0.00000146629065728946,0.00000792511763383066,0.00000186634724217687,0.00000328402663255085,0.00000142353778805843,0.00000500391034518692,0.00000263153103546615,0.00000764326003277394,0.00000147743393786061,0.000000937864343549892,0.00000164153115459976,0.00000254210922805121,0.00000434084424790388,0.00004770717563191,0.0000040754298488313,0.00000647008936505529,0.00000328673393840076,0.00000711490112551268,0.00000365798280741306,0.0000363428429150208,0.00000604563550132867,0.00000157125059420467,0.00000213831597811762,0.00000816016990518887,0.00000383022893278331,0.00000775271957932775,0.0000125655095879111,0.00000848575326883695,0.00000335601146896783,0.00000565635508848918,0.0000069233040450422,0.00000400746307039824,0.00000307939669407476
"Oscillibacter",0.000028070093117297,0.0000109340595135653,0.0000119722610587756,0.00000348957487742956,0.00000741372410181087,0.0000112177076263482,0.0000194487691254054,0.0000105625620550521,0.000014180139768911,0.0000231624517230996,0.0000150079224449396,0.0000163046355006006,0.00000897390363544212,0.00000430434636981193,0.0000181583086470703,0.00000723421762678337,0.00000346674112229626,0.0000197635557671826,0.0000127403206850474,0.0000134792288209646,0.000025818250924545,0.0000164360732384405,0.0000182733574929606,0.0000037193714233684,0.0000197213133828496,0.0000288527195277072,0.0000527068868022826,0.0000202345728445449,0.0000103212405608067,0.0000175537399691366,0.0000100468809083052,0.0000194528801818313,0.00000629708916383499,0.00000768717028495499,0.000028504075812404,0.0000179421562246694,0.000421311259296115,0.0000188284859016006,0.0000104064374402987,0.0000205725198366566,0.0000270797448898301,0.0000253349179624534,0.00001159877965373,0.000011960789660902,0.00000592240608584838,0.00000844895581597694,0.000017043901673892,0.0000109910917201608,0.00000577416093668681,0.0000393107378039939,0.00000441758331936512,0.0000375202082230604,0.00000427440469755148,0.00000541064937973886,0.0000153406707344544,0.00000994882008854924
"Bilophila",0.00193790709199515,0.00132543859525154,0.00155666961470468,0.00287481047907351,0.00127441478628229,0.00106134654609535,0.000029329638037393,0.000474986354558674,0.000819757515974018,0.0040843994910238,0.00518361608170086,0.0000154159942292409,0.0000403615008579979,0.000193587073707844,0.00300725608196901,0.000458501003330337,0.0000112839024764937,0.00124480903488821,0.0000439684751461409,0.0000166927471647747,0.0000164837320150198,0.00326860269571488,0.00024459611784188,0.000439636854879497,0.000874622915343788,0.0000212561818338738,0.000977688381080121,0.000675023824874958,0.00120732576365265,0.00487020916642838,0.00330977322803575,0.00245275139883973,0.00468628482368463,0.00247823159530283,0.0000829160307787768,0.00192342808624621,0.00516182886727058,0.00221752288934609,0.000417750595157731,0.00264782938004164,0.00371742803654817,0.00145120306820759,0.000315583463078571,0.0000816813199388147,0.00000241730860646873,0.000939450871069091,0.000246573803933146,0.000410583888425098,0.000239890140733261,0.000814954007228048,0.0000302492145936188,0.000984855125683301,0.000103003511696635,0.0000417725403726076,0.000103862211678028,0.000155120378523502
"Acidaminococcus",0.00000949634991032932,0.0000077728518310719,0.00000484403983628091,0.00000253787263813059,0.00000565899650374913,0.00000667556834205998,0.0000075559585797552,0.00000745592615650735,0.0000136711091105398,0.000258111901540154,0.00000284114344726029,0.00000938868821480082,0.00000741505652506015,0.0000381242107040486,0.0000229617089304636,0.0000271190414624546,0.00000832697622512337,0.0036471462605386,0.0000105371073334978,0.0000142908341364661,0.00864157920441638,0.00939166583462702,0.000014084940866785,0.0000037193714233684,0.0000104769477346388,0.0000128929285162272,0.0000479375053677299,0.00000710497878147021,0.0000339790369876192,0.00000995493911091072,0.0000366774741006989,0.000586576450329181,0.00000500194316559942,0.00000548511629707726,0.00000659866650685634,0.00000709004560490967,0.0000048582536652679,0.00000554258459441057,0.00000556518176155105,0.00000900808560895024,0.00000560567967464635,0.0000081627208943199,0.00000260972542208926,0.0000078723742859028,0.0000506426153055198,0.00000458955624571587,0.0000252040715790809,0.00000441308985733729,0.00000561264594545082,0.000029593832404778,0.00000613969207098203,0.00000932971188373058,0.00000713472062298067,0.0000436342691914424,0.00000459454364759033,0.00000727549768380301
"Streptococcus",0.00480799264945276,0.00558008941978004,0.00486412487950451,0.0010821559425451,0.00971522481942866,0.00407829051495334,0.00528268808278684,0.00118826995686454,0.00124650700435276,0.00174084504095644,0.0018990537053658,0.00185258523132298,0.0140608851976513,0.00127473760306649,0.00152566182031477,0.00778576179835972,0.00380869095005531,0.0182052829721661,0.00446501940599899,0.000488081888519583,0.00119244523764563,0.00328205570939759,0.00650283187002535,0.0923819977559316,0.00498487973258438,0.00292863173897005,0.000468049223312036,0.000598495958607995,0.00294154275224817,0.00101938168506418,0.00130446666902111,0.000936446877613981,0.00200122386830813,0.00180864703360707,0.00176519737801445,0.00242320395398821,0.00238343298734981,0.0125251000630102,0.00426157186794285,0.00279305432776431,0.0105775725811546,0.00236417461055777,0.00423278132163455,0.0189839913746614,0.0236855552072393,0.00131422986177039,0.000612856898396599,0.00150744488258933,0.00808370417511811,0.00123949098481659,0.00204306988996174,0.00112506928485678,0.0165619041142399,0.0233293820078454,0.00295166246542446,0.017620071006827
"Lachnoclostridium",0.00000823948006925632,0.00000795880522415975,0.00000933363773332174,0.00000697914975485913,0.0000179859578801329,0.0000108391960193242,0.00000742182913751102,0.0000251454764493973,0.00000778089720653064,0.00000747175862035471,0.00000752067383098312,0.00000907959559867569,0.0000107855367637239,0.0000111044902145568,0.000018012751062725,0.00000600996541302003,0.0000132551866440739,0.0000106519993770055,0.0000103774541920812,0.0000181733784835951,0.00000460792988542244,0.00000824728230113916,0.0000106749025516687,0.0000239970983180788,0.00000792511763383066,0.00000568983699777163,0.00000647521858997659,0.0000064440505227288,0.0000102672026521114,0.0000225108100592008,0.00000399331722178206,0.00000446747881210231,0.00000643106978434211,0.000012251427641647,0.000013467770165633,0.00000882638330407122,0.0000232846031524552,0.00000904745426440549,0.0000117637988455551,0.00000779077674287588,0.0000132380281547418,0.00000999171229802643,0.00000850577174606869,0.00000935116282579614,0.00000709077191230826,0.00000584125340363838,0.000012782926255419,0.00000940904063922857,0.0000116290793689916,0.00000813434751660744,0.00000876029234518168,0.00000637642179103889,0.0000104449738849942,0.00000372345763766976,0.00000714706789625163,0.0000272746564332336
"Pseudoflavonifractor",0.000282842264976279,0.000238057533831059,0.000113224508368354,0.0000641165323438826,0.000279835183700897,0.000130655324715473,0.000295978969218813,0.000150397726147195,0.000196703990127714,0.000468852853427258,0.000240594712157407,0.000422259150203943,0.0000695161549224389,0.0000179769760150969,0.00105372774247137,0.0000767569039477682,0.00014968164610385,0.000193899164044199,0.0000644360078757533,0.00054679166222066,0.00109590614006756,0.000471779642443463,0.000535301884205551,0.0000332955268764998,0.000151925371699813,0.000421259793467996,0.000287833910225411,0.000163783106579651,0.0000201885626885727,0.000125446512423249,0.000125649599207665,0.000259254479096016,0.0000626136099836642,0.000120552446499997,0.000158097559012632,0.0000939069305629872,0.0000785198835629785,0.000827353013611243,0.00010252603147703,0.000168353816178084,0.0000952103132432242,0.00621701274288794,0.000110865002190236,0.000159143743160875,0.0000538656934474781,0.000117503070699976,0.000237448884876604,0.000226899431344229,0.0000685631137796797,0.00152625047314524,0.0000437765036280589,0.000242639629206374,0.0000387588877086247,0.00025208971787536,0.000238048411430153,0.000192749929334614
"Clostridium",0.000114887213621043,0.0000331740853268715,0.0000717941839149601,0.000163199309924231,0.0000932637718369818,0.000114241685029068,0.0000500749917711587,0.000217354866925241,0.00114997297592594,0.000122462123787614,0.0000478649107820792,0.00037929527656255,0.000388827026532842,0.00030018294557201,0.0000817669730059457,0.000123167192414978,0.000256130991153183,0.000112354011890384,0.000550324378463136,0.00010500417960286,0.000585770726357382,0.000299943713760579,0.000377550546497559,0.00752843691913879,0.000143643960806624,0.000246599956690656,0.000308849359806858,0.0000692068147855193,0.0000825050789960193,0.0000884928808670711,0.000046444568452064,0.0000821031145468251,0.0000727068167285345,0.000408701220150107,0.00169109759838828,0.000468377094348829,0.000201683179185175,0.000443202996060404,0.0000453811163157375,0.000883522774996768,0.0000458372114934544,0.00447794674986365,0.00763257695113705,0.00165493835126299,0.000160469002992749,0.0000959112947258123,0.000426780905829509,0.0000627824481591004,0.000861682478244032,0.00421162964182822,0.000255845461055434,0.00150631218773152,0.000781637568790598,0.0041484554195944,0.000129591656104534,0.000162666592400191
"Butyricimonas",0.000282330206892879,0.00185998021902186,0.000335498986709569,0.0000804364633363057,0.000734221895218986,0.0000786271838227167,0.000332462177509229,0.0000798222682637845,0.000917236887052096,0.00079959024875726,0.00428407664108122,0.000216944379942826,0.0000931516475960682,0.000145154134302986,0.000889029335784717,0.0000824329823933982,0.0000490102029250118,0.000425391692043553,0.00021154041237704,0.000282603164385513,0.00045466226637709,0.000273002591576858,0.000096037057331158,0.0000652678158427627,0.00173371337048907,0.000636616088488264,0.000887244198839481,0.000781407854214682,0.00029855944554166,0.00489492311874983,0.00360614349725998,0.000861343985772733,0.00609634153410847,0.00217158556815455,0.000884654011361822,0.00026160821334034,0.000580451892871918,0.00253459133158516,0.000246542076574729,0.000107305776544455,0.000646981675679953,0.00177246202124753,0.000686647755500818,0.000280360909651544,0.00000801740687812127,0.000213727289715269,0.000527235411214075,0.000100252079023285,0.000124083892017053,0.000820746169078395,0.0000741255506130757,0.000459437970101697,0.0000311420913678751,0.0000176282447533428,0.000338668917312381,0.000138302135040479
"Paraprevotella",0.000169723979279709,0.000716292470174377,0.000317422447808326,0.000885717550707576,0.000149897605064425,0.000104056281785512,0.000420316962179163,0.000047732546864699,0.00021295661186285,0.00324121153071677,0.00621481745218824,0.000228148987277362,0.0000689263208806728,0.000172173854792477,0.000186532044338441,0.000143274607562243,0.000013866964489185,0.000222643174670765,0.000135162349523322,0.000586165487661883,0.000398882582935742,0.000327504844400981,0.0000589343578373374,0.00012889052509442,0.000251735632057838,0.000440003972797535,0.00298588807338655,0.000982736769954374,0.000269659971971401,0.000229432787254944,0.00615282432638302,0.000319547854560137,0.00053092053886291,0.000668183254612572,0.00200523739405895,0.000146431145962624,0.000100360141031165,0.00314468317995521,0.000791658416925681,0.0000664041986443562,0.000614899939695823,0.000185473276420314,0.00314471913361756,0.0000630224880678075,0.0000064461562839166,0.0000703036570366477,0.000111388329099893,0.0000257291465267401,0.0000404191265568077,0.000186235411625363,0.000142735361601407,0.000144040012248099,0.0000328132871894741,0.000338020138669707,0.0000573041693824461,0.0000257518778482516
"Fusicatenibacter",0.0112034584589156,0.0395944981300155,0.0523997117363091,0.0223502336147012,0.000931760354570787,0.0212755180481904,0.0621609934234546,0.0149285185008939,0.00896922927849813,0.00555200231923388,0.0194598271007114,0.0085124492846631,0.0581813562728218,0.0140521717163643,0.00835606063390401,0.0302605839386271,0.0451288123743625,0.0115282164580667,0.0237432639545706,0.00226093499147809,0.0141766918229644,0.00597777059113887,0.0649844329897633,0.00718335793006108,0.0092977807484718,0.0534023283236706,0.00549901556369847,0.0269549803505393,0.0129098401162023,0.00694845570182142,0.00313928147429304,0.0103732747397104,0.0430410510368805,0.0408625549567615,0.0118434705437691,0.0429271875467545,0.00550365734588087,0.0155253500091229,0.0281390068385677,0.00863534563415827,0.0036485212971629,0.00175701720494956,0.0088504488147787,0.0125281660286347,0.0596254549525879,0.0364263691493784,0.0239155284938059,0.058768951098468,0.0335579293503548,0.00672913107032409,0.0208508684769141,0.0111347762124296,0.0513621788588329,0.015713049409992,0.0253552443716521,0.0247331389748986
"Oxalobacter",0.000543153974282953,0.000232367360002571,0.000249605890100393,0.0000751139804424485,0.000111512938856824,0.000195002297909556,0.00055511705163456,0.000164066924100792,0.000484269952774681,0.00320915768623545,0.000465312446227182,0.000216596650749685,0.000187609356284619,0.000101929815715378,0.000218154429537447,0.000227599616104185,0.000133469533208406,0.000313299883214756,0.000212338678084123,0.000322558274714865,0.000981350629933186,0.000348526640564311,0.00038614977355307,0.000278130303457077,0.000881036194012234,0.000631783762385547,0.00143362267928833,0.000215437192032057,0.000123433391041857,0.000222945757260539,0.000338872390737595,0.000546545026012863,0.00010137866951706,0.0000883223835865142,0.000501228217369161,0.000198955361362261,0.000182819149187604,0.000448256529072955,0.000191025995099744,0.000576882671632638,0.00135610015452272,0.000953141612809362,0.000336267953461057,0.00027179263487628,0.000126304374687991,0.000139512079060113,0.000431082079129288,0.000113741146134391,0.000163614686122063,0.00114741776720643,0.0000696830091958611,0.000489776313781166,0.0000723113576653446,0.000119616076610141,0.000452409397832728,0.000129605377344026
"Enterobacter",0.00000493437789458288,0.00000249177546737712,0.000026819440069165,0.0000066619156750928,0.00000350945519612349,0.0000023398899343303,0.0000138600423652314,0.00000332592784432436,0.0000041813232651917,0.00000358644413777026,0.00000371019908995167,0.00000332274562334515,0.00000610899543257797,0.00000242345551913781,0.00000389366538123551,0.00000274529284298446,0.000497647289339822,0.0000289078875400581,0.000360720307716742,0.00000311480958922209,0.0000058241860568966,0.00000348608528473684,0.0000100818524099093,0.000129176630588525,0.00000361108033133232,0.00000358136903228534,0.00000779811271050944,0.00000367323589954363,0.00000503633309040411,0.00013110736406931,0.00000550670814341284,0.00113730753916598,0.00000674369123219208,0.00000324302496396539,0.00000557100532955904,0.000204598458884536,0.0000169820038029184,0.0000136526899935849,0.00000244325052946144,0.0000138773210732477,0.00000620936825499288,0.0000375959344095232,0.00000367294689034784,0.00000173975122340393,0.0000119656776020202,0.00000328570503954659,0.0000816820948145014,0,0.00000242272486853992,0.000018357671438258,0.00000227118690430636,0.00000463129582717561,0.0000127267989491006,0.00000127993856294898,0.00000293540288596049,0.00000764773244902084
"Providencia",0.00000051205808340011,0.000000781004250968947,0.00000145715019465361,0.000000775461083873236,0.00000048255008946698,0.000000481742045303297,0.000000760066839383659,0.00000270460066461541,0.00000265423129007821,0.00000179322206888513,0.00000150413476619662,0.000000656821809265901,0.00000101114407159911,0.00000126598422641527,0.00000080056671389889,0.000000853266694441116,0.0000153964091019628,0,0.00000201162958184958,0.000000647090724521491,0.000000613072216515432,0.00000114643073122218,0.000000741312677199212,0.00000110865878965789,0.00000098221385012239,0.00000106936652794999,0.00000192631950884608,0.000000610087623453614,0.000000367457779128197,0.00000118316899269021,0.00000623160967730321,0.000000492477979286869,0.00000138446641190698,0.00000212197929740945,0.000000703136594992889,0.00000376206501485003,0.000000437680510384495,0.000000733577372789635,0,0,0.000000733050418992215,0.00000135480844719002,0.0000017398169480595,0.00000191372634574433,0,0.000000573694530714484,0.0000535033800187507,0,0,0.00000326006923817341,0.0000013477372838741,0.00000140952481696649,0.00000237824020766022,0.0000011635805117718,0.000000331828152325969,0.00000155661810909274
"Collinsella",0.0192477978476616,0.00847363578826276,0.00144446904971635,0.00612543759797686,0.0470447733223148,0.0674013554018905,0.00286428952931028,0.00155942157509656,0.0339258753191213,0.0327815564121512,0.00137524712934209,0.0172669180877522,0.00182153391398282,0.00918439002384174,0.0328245452881136,0.0237872947105256,0.021794551744425,0.0109163983892342,0.0229196772592588,0.0107190907546167,0.0240415874176064,0.017058538332403,0.0125964220766029,0.00307159282152732,0.0151759262004572,0.0114414450450776,0.00737341728048084,0.00630278981758164,0.0094041956350836,0.000637738286792718,0.0010141499634834,0.016551129573876,0.0221075169469854,0.0232427198793947,0.0133478583324715,0.00405507200158354,0.00299487266035695,0.0255038769767923,0.0406683122713072,0.0315222739524388,0.0366807218304355,0.0145938611122862,0.0194469005934322,0.0296153066444187,0.047188281306876,0.0203739789476012,0.0567195321063091,0.0237483353075666,0.0374077199239604,0.0270429073538015,0.0919245428849505,0.0157141209820656,0.00144812331779678,0.15954882165656,0.0277725358856193,0.0226464585601357
"Comamonas",0.00000330510217467344,0.0000010785296799095,0.00000248109357468046,0.00000236163148270486,0.00000206180492772255,0.00000371629577805401,0.00000263787903080211,0.0000021198221425364,0.00000341777727763496,0.00000369852051707558,0.00000330909648563257,0.00000293637985318873,0.00000168524011933185,0.00000097661640323464,0.00000214697436909248,0.00000170653338888223,0.00000452035852220983,0.00000252370446778285,0.00000265024214751612,0.00000247868650409927,0.0000057945212722265,0.00000262041309993641,0.00000159382225597831,0.00000121594834994736,0.00000356293259358122,0.00000490294464701598,0.00000619671456460125,0.00000151250889981208,0.00000404203557041017,0.0000029171235509431,0.00000118273408161061,0.00000425641682097936,0.000000759223516207055,0.00000176164319030219,0.00000302889610150783,0.00000491962348095773,0.00000214463450088403,0.00000444221853522612,0.00000217177824841017,0.00000486923546429743,0.00000336340780478781,0.00000633372949061336,0.00000463951186149201,0.00000247914549335061,0.00000136980821033228,0.00000130385120616928,0.00000570809914550158,0.00000266450708367535,0.00000209969488606793,0.00000759627783652057,0.00000521624245054977,0.00000476553628593433,0.00000141408877212229,0.00000226898199795501,0.00000262909997612114,0.00000216572954308555
"Blautia",0.0045840370640675,0.00231753713805381,0.00127272223893569,0.00421103567128035,0.0126400486480679,0.00103347432775994,0.00102157454194572,0.0148851717929448,0.00170874320148651,0.000458728620496678,0.00147552278042186,0.00110848339457875,0.0151432727952951,0.0119476718803273,0.0018438143102974,0.000724052438061185,0.0149718012897976,0.000562360016340495,0.00459804240342733,0.0255717422192797,0.000514446695748901,0.00440210683552889,0.00131590413329632,0.000995861698606888,0.000398239568486878,0.000768985505594224,0.000283389450153796,0.00114592249906939,0.00212673754977661,0.00748767477050729,0.00210633494121157,0.000423390354192625,0.00131345668303821,0.00580813759842631,0.000425938514274538,0.00511438269288035,0.0328277014647766,0.000592159957035188,0.00111276488002916,0.000636591671513585,0.000512574725327086,0.000541754027820111,0.00156332218432858,0.000996790463449284,0.00167084370879118,0.00123307816269841,0.00198477038950099,0.00148754434530813,0.00177807815976926,0.000456789507236103,0.000683727090587612,0.000447893290648447,0.0686387762938559,0.000628915266612657,0.000601144985802222,0.0015754667240224
"Klebsiella",0.0000143376263352031,0.00000364468650452175,0.0000217784880444174,0.00107105274975328,0.00001307272060556,0.0000079831538935975,0.0000128317166413594,0.00000566504193264039,0.00000599928990223157,0.00000257775672402238,0.0000138714650660355,0.0000081523177503003,0.000010237833724941,0.00000405114952452888,0.00000374810779689026,0.0000545719698922992,0.000378996375046329,0.00227398882700314,0.0000136343782769805,0.0000280881244999922,0.0000773558701580681,0.0000311992934711179,0.00000811737381533138,0.014603360866934,0.0000283108697976454,0.000037579153930318,0.0000434582322929433,0.0000287376690964296,0.0000313419870432874,0.0000354542708499238,0.0000298735737387454,0.0000156889413401388,0.00000920000260815608,0.00000524489222567242,0.00000481378130418208,0.0000737943522143659,0.000155026436778188,0.0000175651026484629,0.00000981824749802097,0.00000626914066028294,0.00000457078496548087,0.0000164947928445385,0.00000618601581532268,0.00000504527854787141,0.00000471375178261402,0.00000724941270630121,0.0000586889067072697,0.00000283103877640506,0.00000121136243426996,0.000126256467874502,0.00000324455272043766,0.0000206059104194625,0.0000498787675984955,0.0000029089512794295,0.0000188886794400936,0.00000754621387668871
"Citrobacter",0.00000232753674272777,0,0.0000177220969620033,0.00000271411379355633,0.00000219340949757718,0.000000825843506234224,0.00000514162861936005,0.000000950265098378387,0.00000156345130785429,0.00000130755775856208,0.000000935906076744566,0.000000734094963297184,0.000001137537080549,0.00000126598422641527,0.000000400283356949445,0.00000337596822583224,0.000353573606816157,0.000157420163100792,0.0000104093848203645,0.00000185353105837512,0.00000283793106677305,0.00000244493900842281,0.000125393039348247,0.0000371579510469208,0.00000177183674924039,0.00000184617051523441,0.00000511751146627182,0.00000113120413515358,0.00000291804706954745,0.00000502846821893339,0.0000044638673402723,0.00000629668273516782,0.00000334951551267818,0.00000132123239272664,0.000000919486316529162,0.000081318482244066,0.00000525216612461394,0.00000778407101126779,0.00000176456982683326,0.00000432144647456397,0.0000026303573857956,0.00000697726350302862,0.00000212644293651717,0.000000869875611701967,0.00000515692502713328,0.00000964849892565268,0.0000826066460845475,0,0.000000524923721516983,0.0000268085305313872,0.000000499161956990409,0.00000214784734013941,0.0000215005770124958,0.000000872685383828849,0.00000901041059777438,0.00000209805049486412
"Herbaspirillum",0.000002513739682146,0.000000632241536498672,0.00000129962044388024,0.00000190340447859794,0.00000135991388849785,0.00000206460876558556,0.00000143071405060453,0.00000387415770877342,0.00000170888863881748,0.00000280190948263302,0.00000133700868106367,0.00000255001408303232,0.00000155884711038196,0.000000759590535849165,0.00000272920470647349,0.00000289368705071335,0.00000152944461277776,0.00000199929834460719,0.00000188390706871628,0.0000018974016159698,0.00000476614207032965,0.00000207059427986047,0.00000207567549615779,0.000000929842855842099,0.00000200294589044566,0.00000304668576831034,0.00000480419443772457,0.00000183026287036084,0.00000239928314607235,0.00000177475348903531,0.00000150067335086077,0.00000137190294229913,0.00000169708785975695,0.00000188175522600461,0.00000730180310184923,0.0000277814031865848,0.0000132617194646502,0.00000668370495208334,0.00000791794153066207,0.0000078516421861796,0.00000819291644756005,0.0000156480375650448,0.00000869908474029752,0.00000652406708776475,0.00000443173244519266,0.00000578909935539161,0.00000807977414257618,0.00000607840678463439,0.00000423976851994486,0.00000788113825539009,0.00000496666147205457,0.0000118131603707668,0.00000565635508848918,0.00000395617374002412,0.0000107716523293507,0.00000656486767747807
"Kluyvera",0.000000884463962236554,0.000000520669500645965,0.00000626180759324117,0.00000144517747449103,0.00000096510017893396,0.000000997894236699687,0.00000120716498019758,0.000000694424494968821,0.00000185432596978067,0.000000933969827544339,0.00000147070954917003,0.000000425002347172054,0.00000294917020883074,0.000000578735646361268,0,0.000000927463798305561,0.000253751855088862,0.00000249092908508437,0.00000587523560413212,0.000000625155445724152,0.00001069909900435,0.00000074868945712469,0.000000963706480358976,0.0000195982263462104,0.00000142517303743249,0.000000998747983651403,0.00000321440062620702,0.000000266913335260956,0.000000745723139995459,0.00000534465993249715,0.00000178045990780092,0.00000334181485944661,0.00000192038889393549,0,0.00000216349721536273,0.0000509325725087388,0.0000045081092569603,0.00000399392125185468,0.00000131211602508114,0.00000365192659822307,0.00000396709638513434,0.00000491118062106384,0.00000260972542208926,0.00000156577610106354,0.0000018935584084005,0.00000130385120616928,0.0000332436478403507,0.00000133225354183767,0.00000100946869522497,0.0000075646266788684,0.00000129782108817506,0.00000194648665200134,0.00000700616709824227,0.00000226898199795501,0.00000262909997612114,0.00000108286477154277
"Lachnobacterium",0.000002932696295837,0.00000702903825872053,0.0000107120230525887,0.00000451177357889883,0.00000903684713001799,0.00000605618571238431,0.0000048733697348717,0.0000242683086662788,0.00000403588593422851,0.0000057906129307749,0.00000297484431536666,0.00000718640332490927,0.0000105327507458241,0.000014613075070622,0.00000655009129553637,0.00000856976549634338,0.0000113178901345554,0.00000557181505874135,0.0000108244829880478,0.00000461737618683979,0.00000326312631371117,0.00000596611911146237,0.00000389189155529587,0.00000454192471892102,0.00000787696989607956,0.00000254226759474903,0.0000056164978450693,0.00000550349876990447,0.0000107751589938474,0.0000106689203996031,0.00000417136321256215,0.00000260309789051631,0.0000105844690200631,0.00000580541505895039,0.000011087923228734,0.00000520901309748465,0.00000700288816615193,0.00000696898504150153,0.0000068772977866322,0.00000943414371207626,0.0000153509381859546,0.00000355637217387381,0.00000840911524895427,0.00000913369392287065,0.00000914548422780668,0.0000259727160268921,0.0000127427283741127,0.0000147380548065793,0.0000109426406562386,0.00000617197574217296,0.0000163974702871349,0.00000375873284524397,0.0000158763603051912,0.00000622515573797912,0.000014574913459856,0.0000116407962940848
"Agathobacter",0.0406014112879387,0.039757244539646,0.0447441202906629,0.0198868052406224,0.089013075835247,0.102367294174679,0.112778404659049,0.0345681224216293,0.0444518657882494,0.019455861706714,0.0844119762285205,0.105809318446918,0.120579225455215,0.203358301677096,0.0249798648374105,0.17417243332741,0.076851532902857,0.0771646567053976,0.16378043056728,0.0221655553541531,0.060930765645818,0.099824321188713,0.0150535770764474,0.283095986175955,0.0194927079240073,0.0111771702755853,0.0113455229207246,0.0485037454867974,0.0699716993745339,0.0914747115222351,0.0660761991820338,0.0211899203687731,0.0586555544926426,0.0282099130785231,0.0622880043166096,0.0108658566265447,0.000340077756568753,0.0650099120567068,0.076801951559934,0.0453769530807775,0.010675283889945,0.00209317905090859,0.0461995825212577,0.016108878502864,0.105096681667812,0.192335211591842,0.111297120107209,0.184372149705997,0.0759760865749426,0.00185877753543893,0.0266282438414146,0.0181841454232259,0.102933964239752,0.0417300115049023,0.0749049727128776,0.111135426689158
"Odoribacter",0.000233032978681905,0.00348934103993617,0.000863420563988801,0.000400384656896186,0.00112149027611121,0.00047086843913788,0.00137911892515461,0.000221740705840834,0.000972321276154404,0.00439380501549269,0.000678933008244129,0.000266321925368815,0.000338775394988686,0.0000868465179320878,0.000834590799239593,0.000413277868524958,0.000156921017270998,0.00206239095630176,0.000192701341689877,0.000306918420932363,0.00584013582278756,0.00230846695831631,0.000257680286594446,0.0000443821147730786,0.00344842764366156,0.000760238894464671,0.00598804542358878,0.00480271145309742,0.000205949277619615,0.000222374572229586,0.00299765860619825,0.00251255229632456,0.00314948244626104,0.00509567303998478,0.000276062244680285,0.000435097288448232,0.000614153292171524,0.00209909089793905,0.000378975304347574,0.00114834831881124,0.00112217082963844,0.00430033136243703,0.00193612629369889,0.000322593370599674,0.00012638495164154,0.000212423438509099,0.000299233028444463,0.000293428842589748,0.000386747646514589,0.00165592526604618,0.000163600331403606,0.000459236609413558,0.0000876735038715822,0.0000631242427636201,0.00111157325980702,0.00048119803285432
"Prevotella",0.00092468379715089,0.00233802920197209,0.000848455237665332,0.107251978113104,0.00108034191393667,0.000936472125923517,0.00092875696791275,0.000225066633685158,0.00101198930817461,0.0357872954699475,0.00195276802912754,0.00139354405980015,0.000353226329011956,0.103739196542749,0.0144704253007029,0.000570538630165649,0.000178639130772443,0.00106782196831643,0.013386500809617,0.00131389029704239,0.00129230679110675,0.00208534580182038,0.00466226368944129,0.171732140597676,0.0552459565072433,0.0372240233594038,0.0655141148915209,0.00127803188986475,0.369262191360188,0.00266777068573364,0.340601586117622,0.316186270227522,0.0015295674239162,0.0025180687538108,0.0270404158587807,0.00103181867772675,0.000707816921393806,0.00252195749905379,0.00656343058435675,0.000548093316949979,0.0046979045322567,0.00176616216196809,0.0447491551255587,0.00559016863104152,0.000317956658704186,0.000488526969927506,0.00561544302909044,0.000375195903720035,0.00943065844453068,0.00120312380467425,0.00433666916613697,0.000700332473344208,0.00015972775448745,0.0186565590306211,0.000765833850325849,0.000438492553426602
"Pseudobutyrivibrio",0.0000237874255106779,0.0000570876916779683,0.0000394612025687274,0.0000253082299191356,0.0000416747804539665,0.0000424621202788763,0.000059464052728251,0.0000519356424921419,0.0000343232101073127,0.000031344027412388,0.0000406450639043354,0.0000406843155974702,0.0000485349154367574,0.000183350686962829,0.0000223794785930826,0.0000680758427956282,0.000063115081020629,0.0000346108041295933,0.0000693213940031023,0.0000278139335150254,0.0000297933320703386,0.0000347906632107629,0.0000431814634468541,0.0000933061542650783,0.0000342041528983797,0.0000274403486417355,0.0000208761975687597,0.0000459090936648844,0.0000481801993927501,0.0000592400474960753,0.0000206787700720307,0.0000250108459480688,0.0000363534083642672,0.0000248631913904013,0.0000453252666618493,0.0000318328578179618,0.0000324758938705296,0.0000274276428826347,0.0000429831111664512,0.0000281198348063176,0.0000319523741454842,0.0000241833307823419,0.0000407890417822839,0.0000282709573803139,0.000055034059273938,0.0000887661901160047,0.0000426901499473428,0.0000540395342907906,0.0000494235873182144,0.0000261755073783438,0.0000357899123162123,0.0000354394811123003,0.0000510036109399564,0.0000182100350092286,0.0000452052044437916,0.0000377649089075542
"Dialister",0.00986358865759691,0.000212358774906319,0.000312460260658965,0.0000986950470384119,0.0000657145485474124,0.000102094903458206,0.00015550073337508,0.0000625347532048239,0.0114619887718745,0.0000937705706854517,0.00591639711457483,0.0305646233455335,0.018894322383907,0.000176044149427518,0.00018594981400106,0.0193459302703038,0.0297630601399714,0.0151609087748352,0.0283651904679539,0.0000509008144492244,0.0000703352044528107,0.00394110130230437,0.000325992249798354,0.00612716373538475,0.000139840289524288,0.000153454096760823,0.0136631289808887,0.000105951883939778,0.0164485557974424,0.0000918995915874033,0.00232024448156308,0.0176696525958321,0.0108409525879205,0.000100573811228161,0.010639105731407,0.0113385745651415,0.00020465940665579,0.0045395805543147,0.0201353253124736,0.000207307699892463,0.000108491462010848,0.000182966880793013,0.00475057017667648,0.000178802931985339,0.000164659004577295,0.018272744497787,0.00013498448542672,0.00018901347124822,0.018930526062806,0.0000916617525606815,0.00798851308538095,0.000117259040725736,0.0152967124621458,0.000129390152909024,0.000137121602638085,0.0244724392811497
"Sphingomonas",0.0000154082932368579,0.00000929766965439223,0.00000968807967256181,0.0000139582995097183,0.00000855429704055101,0.0000112865279185344,0.0000107750651936154,0.0000154966308350937,0.0000187977750269923,0.0000176333503440371,0.00000822260338854154,0.0000126727972611303,0.00000863685561157575,0.00000394263659083614,0.0000344607580937386,0.0000522347611205692,0.00000567593889630858,0.0000110780793520857,0.0000128361125698973,0.0000136218081331473,0.000013240382224422,0.00000794312720918225,0.000012268724807647,0.00000575787306886838,0.0000158983830054124,0.000019036741870204,0.0000260981480445472,0.0000106765334104382,0.0000104941618686317,0.00000793539203718088,0.00000534137972340276,0.0000241314209850566,0.00000705631268004204,0.0000143734069390565,0.0000102225243425889,0.0000131672275519751,0.0000132179514136118,0.0000146715474557927,0.000011311345043803,0.0000186856910942414,0.0000142298022510254,0.0000172060672793133,0.0000114054666595012,0.000022573272123666,0.00000636557933036765,0.0000105351177458478,0.0000174056826056492,0.0000107412941810662,0.0000112656706387106,0.0000225039730906922,0.0000145006548505714,0.000030673944826366,0.0000297280025957528,0.0000258896663869225,0.0000218496075685407,0.0000101180177091028
"Butyricicoccus",0.000184992620312004,0.000227718525175375,0.00014500613558688,0.000422732035404169,0.000124015372993014,0.000106671452888587,0.00016931606592623,0.000609668157924995,0.000337814560494749,0.000202447299818511,0.000199414844780646,0.000180278268354982,0.000260622384454671,0.000172535564571453,0.000222302820691287,0.000177182684028294,0.000244575187412195,0.000154404827892532,0.000075643658403201,0.000254975680740265,0.000103806969822242,0.000229660490972999,0.000170131259417219,0.0000737794542923942,0.000312950665834584,0.0000934081573800843,0.000142025448607031,0.000206387558950829,0.0000820619681447177,0.000307838132486062,0.000113529754263849,0.00054703750399215,0.000240093271948772,0.000625863780700086,0.000119370958857639,0.0000685853391168813,0.00205801752787894,0.000220888297806657,0.000139808224741405,0.000217472228924184,0.000115261398233305,0.000339819828766438,0.000216993836021866,0.000156012190958748,0.000149550825786865,0.000135809141634592,0.000166379030726979,0.000206416033138475,0.000141487132322731,0.000548387957481481,0.000138168029694945,0.000214784734013941,0.000488310563718776,0.0000879085076643594,0.000103632484495649,0.000160805418574102
"Ruminococcus",0.000318081171261178,0.00025103708066859,0.00299676721383707,0.000558296732157645,0.0000736546909286418,0.000279238335545447,0.000572822138010791,0.00112467529258845,0.000924908706260404,0.000396376794809818,0.000845357163819529,0.000343788262285176,0.000208295678749417,0.000171992999902989,0.000349920432765987,0.000410050294506855,0.0000848671821801349,0.0013506735210043,0.0133263435059313,0.0000899236754296899,0.000434243006262503,0.000593394886135154,0.000175728170130073,0.000266006583144367,0.000793965825063149,0.000169807333947681,0.00105081889640993,0.000173125073313785,0.000232687234842061,0.000807788230293849,0.000216236855802422,0.000436898321624493,0.000120582558456415,0.0000385559634604774,0.000681826147421566,0.000275643609741896,0.000232408351014167,0.00045200592453388,0.00049231498168648,0.000336342439696345,0.000306113230848573,0.000662602941309461,0.000352022962490706,0.000341339190031852,0.000519963081251423,0.000258162538821518,0.000274390737797139,0.000640647421931191,0.000160667037532006,0.000460461041523755,0.000094666065143231,0.000294590686745997,0.000168790777981507,0.000485678505613549,0.000385992716882561,0.000114140714825431
"Megasphaera",0.000026813223276224,0.0000226119325994819,0.00001791900915047,0.0000173421296938924,0.0000139939525945424,0.000015209284573147,0.000044173296312415,0.0000320166240838257,0.000762164332912595,0.0000203231834473648,0.0000384055743635538,0.0000326865441552325,0.0000185797723156337,0.0000197131829541807,0.0000394097159614772,0.0000447779521821925,0.000020120693572543,0.000044312317408343,0.0000361135405884425,0.0000148721190245956,0.0000275091436507408,0.00148738858930587,0.0000308015417376273,0.0000282886807296577,0.0000643735253732174,0.0000245348999620224,0.0000223267393675895,0.0000194846734740498,0.0000200372565442258,0.0000276514753377858,0.00318503929392352,0.00892816846349016,0.0000178640827342836,0.0000194181124385582,0.0000267191906097298,0.000026913234337004,0.000020833592294302,0.0000297098835979802,0.0000453811163157375,0.0000192943455272786,0.0000237594576979242,0.0000273671306332385,0.0000315100180592999,0.0000242260357858998,0.000017082314152379,0.0000172629899696813,0.00867848138675294,0.0000311414265404556,0.0000201893739044993,0.000028834204621126,0.0000206902631172524,0.0000178539810149089,0.0000199579347156351,0.023994368270323,0.0000271588580057562,0.0000323505850498404
"Roseburia",0.0212183835555246,0.0107693048072894,0.00866240346527644,0.0530622640968074,0.00116799055745985,0.00812334082878076,0.0167028264739686,0.00925364497935111,0.00475896398444475,0.0162770767192703,0.00446106316523703,0.0190605439025493,0.0272835740909499,0.0273195055543069,0.00569122876910721,0.014262464093239,0.00159633232384324,0.00820400604325616,0.0140622167653488,0.00404167382716424,0.00337285635220587,0.00999123740878345,0.0194932245689258,0.0651430380841461,0.0147061968709575,0.00843550617682752,0.0129495320418707,0.0149225271969754,0.0133722857312351,0.0208921226801409,0.0157311136220965,0.00355966601128401,0.0415654778030287,0.0340548449972196,0.0108260859782447,0.0165053367786132,0.00797926584871766,0.00370423969819975,0.012279460443412,0.00535481997097449,0.00395485013107588,0.00137787406100343,0.00581475820990621,0.00607547223481005,0.00386600165432543,0.00769892844814013,0.00401227112683063,0.0079910232756351,0.0101405975885085,0.00286898753422321,0.00154408263965628,0.00311558680733098,0.00905913474993318,0.0025122285039409,0.00231202541395243,0.0184962439651016
"Turicibacter",0.00000707571169789243,0.0000178515257364331,0.000244486173200259,0.000766402288484354,0.000611259358784809,0.000276726394880651,0.000171193878117649,0.000293851207344701,0.000121767405348931,0.00000762119379276181,0.0000249352119018374,0.000313226729865804,0.000358576966390835,0.0000536053892442125,0.000015574661524942,0.00022785930596771,0.0000232815457722837,0.000447810053809312,0.000459513671625355,0.00000156837243400972,0.000189993057550444,0.000144695935862114,0.000876157453181749,0.00000257494944694735,0.0000290523449590123,0.000064373847309895,0.0000258196440191719,0.0000660165649212098,0.00000199940262172695,0.00000605864122118952,0.00000153882606317079,0.000368725298491783,0.000121207801352115,0.00000228212867834601,0.000168320083355221,0.000581528434410856,0.0000557604970229847,0.000291637759982368,0.0000354723780573661,0.000897460961513319,0.00000301844290173265,0.0021752804428083,0.0000379860033659659,0.00000439287183909493,0.00000463317482906506,0.0000409930819219622,0.00000920531481915395,0.0000199838031275651,0.00443023507335991,0.0000860594976562476,0.0000333689768248088,0.0000178539810149089,0.000010862772840394,0.000610996126731371,0.0000176889930432228,0.0000301848555067548
"Haemophilus",0.000000651710287963777,0.00000122729239437977,0.00000055135412770677,0.00000123368808798015,0.000000921231988982416,0,0.00000505220899119726,0,0,0.00000201737482749577,0,0,0.00000286490820286415,0.00000614906624258848,0.000000400283356949445,0.00000278239139491668,0,0.0000124218700427234,0.00000197969895356626,0.000000537414330534798,0,0.000000222267182583892,0.0000036694977521361,0.0000101925082274999,0.000000231109141205268,0.00000103910143753631,0.000000591821053922592,0.000000762609529317017,0.0000014049856260784,0.000000418189040519815,0.000000165328420010085,0.000000351769985204906,0.00000209902972127833,0.00000224209133311187,0,0.00000260450654874233,0.00000205709839880713,0,0,0,0,0.000000440312745336758,0,0,0,0,0.000000884353388739681,0,0.000000646059964943979,0,0,0,0,0,0.00000260357473363452,0.0000119791915351919
"Phascolarctobacterium",0.00383792188581868,0.0100684464687413,0.0117317131293446,0.0108600857420271,0.00898144160610919,0.00655196709729359,0.00752662894171781,0.00514228648255938,0.00000269059062281901,0.0238748465487573,0.00000130358346403707,0.00000108182415643795,0.0000023172051640813,0.0000048830820161732,0.00731062967374032,0.00000111295655796667,0.00000220919777401232,0.00062191288670363,0.0062134767495374,0.00000868637040374612,0.00000817759230739132,0.00420837174022511,0.0000385111935804991,0.00363682998831903,0.00000676957192780432,0.0106101941601389,0.00000900496348713591,0.00503983217607973,0.0000125908327260103,0.0109981779707499,0.000227847997915438,0.0000244128369732205,0.00000250097158279971,0.00246742151208962,0.00000210940978497867,0.000951802448757057,0.0166185539070951,0.00110114039085573,0.00000194555134753411,0.00000115644342277064,0.00000392397577225245,0.025951186454869,0.00429019528092051,0.00000126131963696785,0.00000471375178261402,0,0.00000120593643919047,0.00000316410216186448,0.00000109022619084296,0.0000057288595350426,0.00000137269538172362,0.00000677914316731503,0.000000546352480138159,0.00000389799471443553,0.00000191439318649597,0.00000233492716363911
"Avibacterium",0,0,0.00000165406238312031,0,0,0,0,0.00000036548657629938,0,0,0,0.000000772731540312825,0.00000080048905668263,0,0,0,0.00000689949458653079,0.00000252370446778285,0.000000319306282833267,0.000000252255706169395,0,0.000000175474091513599,0,0,0,0,0.000000185669350250225,0.000000165232064685354,0,0.000000152995990434079,0.000000661313680040341,0,0,0,0,0.00000202572731568848,0,0.00000040754298488313,0.000000542944562102542,0,0,0,0,0,0,0,0.00000233147711576825,0,0,0.00000031651157652169,0.000000324455272043766,0,0,0,0,0
"Barnesiella",0.00504046701931641,0.00018770135498287,0.00152417910360767,0.000152871578216283,0.00191550451423415,0.000471350181183183,0.0000896878870472718,0.0000232449462526406,0.0000466126645737023,0.00504437103856698,0.0000895795816312656,0.0000103932392172075,0.000229951014282831,0.00000763207633638923,0.000119975838896575,0.000698083451708629,0.000492141288733822,0.00615229986171411,0.000379942545943305,0.000017646931792459,0.0191146721026264,0.0038723271567038,0.00109080453886478,0.000403516036248708,0.00904588141410561,0.0000593397539377531,0.00934009666433756,0.0251332841272245,0.0000229877263589905,0.000127965846399063,0.000117879163467191,0.00100718782163869,0.0000543961319258937,0.00894670512867582,0.000360005936636359,0.0000662702221846659,0.00479982331713157,0.0121371191414015,0.000589864021344237,0.00139954000332569,0.00457539887105923,0.0019442856025624,0.00625715499719889,0.0010641623295756,0.00000193384688517498,0.000184573176745323,0.00500724908492538,0.00145182329721761,0.000694716356053822,0.00637340370947137,0.000166794967928345,0.00123843535227851,0.000498498430554293,0.00014026963069409,0.000675040562800967,0.000722406160715473
"Atopobium",0.00000162927571990944,0,0.000000905796066946836,0.000000422978773021765,0.00000048255008946698,0.00000230547978823721,0.000000715357025302267,0.000000584778522079008,0.0000120349391372039,0.000000635099482730151,0,0,0.000000631965044749445,0,0.000000727787921726263,0.000000519379727051114,0,0,0.0000014368782727497,0.000000241288066770725,0.000000761396139865939,0.00000434005919676969,0.000000407721972459567,0,0.000000741475161366902,0.000000504418173561315,0.000000290108359765976,0,0.000000237766798259422,0,0.000000139893278470072,0.000000527654977807359,0,0,0,0,0.00000096289712284589,0.0000109221519948679,0.0000015383429259572,0.00000115644342277064,0.000000646809193228425,0.00000403055513039032,0.000543016200788794,0.00000187023256515923,0,0.000000521540482467713,0.00000615027583987142,0,0.00000209969488606793,0.00000227888335095617,0.00000331942701398622,0.00000194648665200134,0,0.00000238534004913219,0.000000663656304651937,0
"Peptococcus",0.00000218788453816411,0.000000669432215116241,0.00000149653263234695,0.000000458227004106912,0,0.00000306250300228525,0.0000394340560197875,0,0.0000102533318329049,0.000000635099482730151,0.000000601653906478649,0,0.00000046344103281626,0.00000452137223719741,0.00000127362886302096,0,0.000000679753161234561,0.000000622732271271092,0,0.00000208385148574717,0.0000038168689608864,0.000000198870637048746,0,0,0.000000664438780965146,0.000000373269448435373,0.00000165941981786138,0.000000788029846960918,0,0.000000387589842432999,0,0.000000668362971889322,0,0.000000960896285619374,0.00000292072124073969,0,0,0.000000855840268254574,0,0,0,0.00000121932760247102,0.000524651466337055,0,0,0,0.00000377860084279682,0,0.00000104984744303397,0.00000117109283313025,0.00000107319820752938,0.00000261768894579491,0.000000321383811845976,0.000000814506358240259,0.00000068918154713855,0
"Mitsuokella",0.00000223443527301866,0,0.000000787648753866814,0.000000422978773021765,0,0.00000134199569763061,0.000000447098140813917,0.00000149849496282746,0.00000109077998222392,0.0000014196341378674,0.00000103618172782434,0.00000289774327617309,0.00000248572917601448,0.0000391731690630783,0.00000200141678474722,0.00000107585800603445,0.00000316085219974071,0.0000018354214311148,0.000000957918848499802,0.000000767734757906854,0.000000652625262742234,0.00000202380118879018,0.00000137142845281854,0.000000429158241157892,0.00000102073204032327,0.000000847422531583009,0.0000156310384241908,0.000000470275876412161,0.00000447433883997275,0.000000826178348344025,0.00000779587088201402,0.00000109048695413521,0,0.000000440410797575547,0.00000162262291152205,0.00000173633769916155,0.00000161941788842263,0.000000529805880348069,0.00000334815813296568,0.00000085211620625205,0.00000137985961222064,0.00000128706802483052,0.00000154650395383067,0.00000121782585638275,0.00000145038516388124,0.00000208616192987085,0.0000120191665105984,0,0.00000274575485101191,0.00000202567408973882,0.00000192177353441307,0.00000187936642262199,0.00000196044125226045,0.0000816251729007917,0.00000191439318649597,0.00000192885287431057
"Allisonella",0.00000237408747758233,0,0.00000165406238312031,0,0.00000048255008946698,0.000000550562337489483,0,0.000000584778522079008,0.000000581749323852759,0.000161016398268644,0,0.00000548639393622106,0.000000631965044749445,0.00000520862081725142,0.0000491256847165228,0.00000274529284298446,0.00000101962974185184,0,0.0000878411584074318,0.000000109676393986693,0.000000791060924536041,0.000127511173166549,0.00000719073296883236,0.000000894079669078941,0.0000326152775525935,0.0000234756217975436,0.00000551205883555355,0.000000165232064685354,0.000676813998827183,0.000000234593851998921,0.00000267068986170138,0.0000074927006848645,0.000000580582688864219,0,0.0000254210922805121,0.00000144694808263463,0.000271712060846695,0.00000855840268254574,0.000163924012374792,0,0.0000547631783600067,0.00000646921033533236,0.000017398169480595,0.00000078288805053177,0.000000846058012264054,0.0000014603133509096,0.000477711621444653,0,0.000000565302469325981,0.00000161420904026062,0.00000826113038819127,0,0.000000514214098953561,0,0,0.00000466985432727821
"Selenomonas",0,0,0.00000177220969620033,0.000000740212852788089,0,0.000000481742045303297,0,0.000000657875837338883,0.000000799905320297543,0.000000709817068933698,0,0.000000463638924187695,0,0,0.000000946124298244143,0.000000890365246373338,0,0.000000524406123175657,0.000000638612565666534,0.000000712896560913507,0.000000138435661793807,0.00000162605991469269,0.000000741312677199212,0.00000504260933360523,0.000000693327423615805,0.000000726362169928293,0.00000156658514273627,0.000000152521905863403,0.000000216151634781292,0.000000173395455825289,0.000000139893278470072,0.000000422123982245887,0.00000379611758103528,0,0.000000594961734224752,0.00000144694808263463,0.000000787824918692092,0.000000570560178836382,0,0.00000206942507232641,0.00000060368858034653,0.000000474182956516508,0,0.000000826381831116869,0,0,0,0,0,0.000000569720837739043,0.000000424287663441847,0.00000147664504634585,0,0.00000110540148618321,0.0000011741611543842,0.000000338395241107117
"Olsenella",0.00000111721763650933,0,0,0.000000740212852788089,0.0000390426890568738,0.00000178932759684082,0,0.000000438583891559256,0.000000472671325630366,0.00000052302310342483,0,0,0,0,0,0.000000370985519322224,0.000000679753161234561,0.000000360529209683264,0.000000351236911116594,0.000000175482230378709,0.000000316424369814416,0.00000290117164635817,0,0.00000236037032636841,0.00000125184118152854,0.000000211855632895752,0.000000452569041234923,0,0.000000291804706954745,0.000000173395455825289,0.000000648596109270335,0.000000386946983725397,0.0000019650491007712,0,0,0,0.000166012217588839,0.000000733577372789635,0.00000185506058718368,0.00000133903975268179,0.00000094865348340169,0.00000057579359005576,0.0000051227943470641,0.0000025226392739357,0,0,0.00000333642414842698,0,0.00000169590740797794,0.00000101283704486941,0.00000182194114301499,0.00000114104389944906,0.000000514214098953561,0.0000204790170071837,0.0000225387891156793,0.000000473753337549964
